county,year,population,fips,state,pop_date
ALAMEDA,2015,1634326.0,06001,CA,2015-07-01
ALAMEDA,2016,1650765.0,06001,CA,2016-07-01
ALAMEDA,2017,1659824.0,06001,CA,2017-07-01
ALAMEDA,2018,1666596.0,06001,CA,2018-07-01
ALAMEDA,2019,1668412.0,06001,CA,2019-07-01
ALAMEDA,2020,1662323.0,06001,CA,2020-07-01
ALAMEDA,2021,1663371.0,06001,CA,2021-07-01
ALAMEDA,2022,1644248.0,06001,CA,2022-07-01
ALAMEDA,2023,1636194.0,06001,CA,2023-07-01
ALPINE,2015,1080.0,06003,CA,2015-07-01
ALPINE,2016,1053.0,06003,CA,2016-07-01
ALPINE,2017,1116.0,06003,CA,2017-07-01
ALPINE,2018,1081.0,06003,CA,2018-07-01
ALPINE,2019,1113.0,06003,CA,2019-07-01
ALPINE,2020,1119.0,06003,CA,2020-07-01
ALPINE,2021,1195.0,06003,CA,2021-07-01
ALPINE,2022,1191.0,06003,CA,2022-07-01
ALPINE,2023,1184.0,06003,CA,2023-07-01
AMADOR,2015,37039.0,06005,CA,2015-07-01
AMADOR,2016,37443.0,06005,CA,2016-07-01
AMADOR,2017,38549.0,06005,CA,2017-07-01
AMADOR,2018,39349.0,06005,CA,2018-07-01
AMADOR,2019,39693.0,06005,CA,2019-07-01
AMADOR,2020,40083.0,06005,CA,2020-07-01
AMADOR,2021,40067.0,06005,CA,2021-07-01
AMADOR,2022,40108.0,06005,CA,2022-07-01
AMADOR,2023,39837.0,06005,CA,2023-07-01
BUTTE,2015,224643.0,06007,CA,2015-07-01
BUTTE,2016,226222.0,06007,CA,2016-07-01
BUTTE,2017,228700.0,06007,CA,2017-07-01
BUTTE,2018,230330.0,06007,CA,2018-07-01
BUTTE,2019,218726.0,06007,CA,2019-07-01
BUTTE,2020,212744.0,06007,CA,2020-07-01
BUTTE,2021,207895.0,06007,CA,2021-07-01
BUTTE,2022,206582.0,06007,CA,2022-07-01
BUTTE,2023,205592.0,06007,CA,2023-07-01
CALAVERAS,2015,44972.0,06009,CA,2015-07-01
CALAVERAS,2016,45307.0,06009,CA,2016-07-01
CALAVERAS,2017,45658.0,06009,CA,2017-07-01
CALAVERAS,2018,45747.0,06009,CA,2018-07-01
CALAVERAS,2019,46119.0,06009,CA,2019-07-01
CALAVERAS,2020,46308.0,06009,CA,2020-07-01
CALAVERAS,2021,45250.0,06009,CA,2021-07-01
CALAVERAS,2022,45012.0,06009,CA,2022-07-01
CALAVERAS,2023,44890.0,06009,CA,2023-07-01
COLUSA,2015,21208.0,06011,CA,2015-07-01
COLUSA,2016,21476.0,06011,CA,2016-07-01
COLUSA,2017,21558.0,06011,CA,2017-07-01
COLUSA,2018,21389.0,06011,CA,2018-07-01
COLUSA,2019,21474.0,06011,CA,2019-07-01
COLUSA,2020,21558.0,06011,CA,2020-07-01
COLUSA,2021,21755.0,06011,CA,2021-07-01
COLUSA,2022,21819.0,06011,CA,2022-07-01
COLUSA,2023,21771.0,06011,CA,2023-07-01
CONTRA COSTA,2015,1124148.0,06013,CA,2015-07-01
CONTRA COSTA,2016,1137259.0,06013,CA,2016-07-01
CONTRA COSTA,2017,1145623.0,06013,CA,2017-07-01
CONTRA COSTA,2018,1150840.0,06013,CA,2018-07-01
CONTRA COSTA,2019,1152883.0,06013,CA,2019-07-01
CONTRA COSTA,2020,1152333.0,06013,CA,2020-07-01
CONTRA COSTA,2021,1161238.0,06013,CA,2021-07-01
CONTRA COSTA,2022,1151798.0,06013,CA,2022-07-01
CONTRA COSTA,2023,1147653.0,06013,CA,2023-07-01
DEL NORTE,2015,27198.0,06015,CA,2015-07-01
DEL NORTE,2016,27415.0,06015,CA,2016-07-01
DEL NORTE,2017,27383.0,06015,CA,2017-07-01
DEL NORTE,2018,27793.0,06015,CA,2018-07-01
DEL NORTE,2019,27903.0,06015,CA,2019-07-01
DEL NORTE,2020,27968.0,06015,CA,2020-07-01
DEL NORTE,2021,27407.0,06015,CA,2021-07-01
DEL NORTE,2022,26954.0,06015,CA,2022-07-01
DEL NORTE,2023,26599.0,06015,CA,2023-07-01
EL DORADO,2015,184627.0,06017,CA,2015-07-01
EL DORADO,2016,186027.0,06017,CA,2016-07-01
EL DORADO,2017,188793.0,06017,CA,2017-07-01
EL DORADO,2018,190925.0,06017,CA,2018-07-01
EL DORADO,2019,193057.0,06017,CA,2019-07-01
EL DORADO,2020,192925.0,06017,CA,2020-07-01
EL DORADO,2021,190561.0,06017,CA,2021-07-01
EL DORADO,2022,189816.0,06017,CA,2022-07-01
EL DORADO,2023,189006.0,06017,CA,2023-07-01
FRESNO,2015,968889.0,06019,CA,2015-07-01
FRESNO,2016,976231.0,06019,CA,2016-07-01
FRESNO,2017,984726.0,06019,CA,2017-07-01
FRESNO,2018,991298.0,06019,CA,2018-07-01
FRESNO,2019,997847.0,06019,CA,2019-07-01
FRESNO,2020,1000918.0,06019,CA,2020-07-01
FRESNO,2021,1007359.0,06019,CA,2021-07-01
FRESNO,2022,1009790.0,06019,CA,2022-07-01
FRESNO,2023,1011499.0,06019,CA,2023-07-01
GLENN,2015,27723.0,06021,CA,2015-07-01
GLENN,2016,27796.0,06021,CA,2016-07-01
GLENN,2017,27876.0,06021,CA,2017-07-01
GLENN,2018,27899.0,06021,CA,2018-07-01
GLENN,2019,28445.0,06021,CA,2019-07-01
GLENN,2020,28283.0,06021,CA,2020-07-01
GLENN,2021,28803.0,06021,CA,2021-07-01
GLENN,2022,28778.0,06021,CA,2022-07-01
GLENN,2023,28636.0,06021,CA,2023-07-01
HUMBOLDT,2015,135177.0,06023,CA,2015-07-01
HUMBOLDT,2016,136477.0,06023,CA,2016-07-01
HUMBOLDT,2017,136710.0,06023,CA,2017-07-01
HUMBOLDT,2018,136502.0,06023,CA,2018-07-01
HUMBOLDT,2019,135839.0,06023,CA,2019-07-01
HUMBOLDT,2020,134977.0,06023,CA,2020-07-01
HUMBOLDT,2021,135183.0,06023,CA,2021-07-01
HUMBOLDT,2022,134528.0,06023,CA,2022-07-01
HUMBOLDT,2023,134047.0,06023,CA,2023-07-01
IMPERIAL,2015,178701.0,06025,CA,2015-07-01
IMPERIAL,2016,179881.0,06025,CA,2016-07-01
IMPERIAL,2017,181250.0,06025,CA,2017-07-01
IMPERIAL,2018,181062.0,06025,CA,2018-07-01
IMPERIAL,2019,180439.0,06025,CA,2019-07-01
IMPERIAL,2020,180267.0,06025,CA,2020-07-01
IMPERIAL,2021,179588.0,06025,CA,2021-07-01
IMPERIAL,2022,178845.0,06025,CA,2022-07-01
IMPERIAL,2023,179476.0,06025,CA,2023-07-01
INYO,2015,18097.0,06027,CA,2015-07-01
INYO,2016,17897.0,06027,CA,2016-07-01
INYO,2017,17819.0,06027,CA,2017-07-01
INYO,2018,17894.0,06027,CA,2018-07-01
INYO,2019,17993.0,06027,CA,2019-07-01
INYO,2020,18046.0,06027,CA,2020-07-01
INYO,2021,18982.0,06027,CA,2021-07-01
INYO,2022,18921.0,06027,CA,2022-07-01
INYO,2023,18896.0,06027,CA,2023-07-01
KERN,2015,876548.0,06029,CA,2015-07-01
KERN,2016,881094.0,06029,CA,2016-07-01
KERN,2017,887316.0,06029,CA,2017-07-01
KERN,2018,893618.0,06029,CA,2018-07-01
KERN,2019,898898.0,06029,CA,2019-07-01
KERN,2020,901362.0,06029,CA,2020-07-01
KERN,2021,904179.0,06029,CA,2021-07-01
KERN,2022,908107.0,06029,CA,2022-07-01
KERN,2023,907476.0,06029,CA,2023-07-01
KINGS,2015,149960.0,06031,CA,2015-07-01
KINGS,2016,149269.0,06031,CA,2016-07-01
KINGS,2017,149542.0,06031,CA,2017-07-01
KINGS,2018,151221.0,06031,CA,2018-07-01
KINGS,2019,152727.0,06031,CA,2019-07-01
KINGS,2020,152692.0,06031,CA,2020-07-01
KINGS,2021,150750.0,06031,CA,2021-07-01
KINGS,2022,151494.0,06031,CA,2022-07-01
KINGS,2023,151018.0,06031,CA,2023-07-01
LAKE,2015,64266.0,06033,CA,2015-07-01
LAKE,2016,63912.0,06033,CA,2016-07-01
LAKE,2017,64132.0,06033,CA,2017-07-01
LAKE,2018,64394.0,06033,CA,2018-07-01
LAKE,2019,64463.0,06033,CA,2019-07-01
LAKE,2020,64479.0,06033,CA,2020-07-01
LAKE,2021,67526.0,06033,CA,2021-07-01
LAKE,2022,67421.0,06033,CA,2022-07-01
LAKE,2023,66800.0,06033,CA,2023-07-01
LASSEN,2015,31256.0,06035,CA,2015-07-01
LASSEN,2016,30715.0,06035,CA,2016-07-01
LASSEN,2017,30919.0,06035,CA,2017-07-01
LASSEN,2018,30658.0,06035,CA,2018-07-01
LASSEN,2019,30694.0,06035,CA,2019-07-01
LASSEN,2020,30016.0,06035,CA,2020-07-01
LASSEN,2021,30745.0,06035,CA,2021-07-01
LASSEN,2022,29533.0,06035,CA,2022-07-01
LASSEN,2023,28275.0,06035,CA,2023-07-01
LOS ANGELES,2015,10077263.0,06037,CA,2015-07-01
LOS ANGELES,2016,10094865.0,06037,CA,2016-07-01
LOS ANGELES,2017,10092365.0,06037,CA,2017-07-01
LOS ANGELES,2018,10061533.0,06037,CA,2018-07-01
LOS ANGELES,2019,10011602.0,06037,CA,2019-07-01
LOS ANGELES,2020,9943046.0,06037,CA,2020-07-01
LOS ANGELES,2021,9942011.0,06037,CA,2021-07-01
LOS ANGELES,2022,9834503.0,06037,CA,2022-07-01
LOS ANGELES,2023,9761210.0,06037,CA,2023-07-01
MADERA,2015,153448.0,06039,CA,2015-07-01
MADERA,2016,153694.0,06039,CA,2016-07-01
MADERA,2017,155079.0,06039,CA,2017-07-01
MADERA,2018,156373.0,06039,CA,2018-07-01
MADERA,2019,156717.0,06039,CA,2019-07-01
MADERA,2020,157761.0,06039,CA,2020-07-01
MADERA,2021,155775.0,06039,CA,2021-07-01
MADERA,2022,157205.0,06039,CA,2022-07-01
MADERA,2023,158148.0,06039,CA,2023-07-01
MARIN,2015,260974.0,06041,CA,2015-07-01
MARIN,2016,260722.0,06041,CA,2016-07-01
MARIN,2017,259975.0,06041,CA,2017-07-01
MARIN,2018,260091.0,06041,CA,2018-07-01
MARIN,2019,259085.0,06041,CA,2019-07-01
MARIN,2020,257332.0,06041,CA,2020-07-01
MARIN,2021,259087.0,06041,CA,2021-07-01
MARIN,2022,255470.0,06041,CA,2022-07-01
MARIN,2023,252959.0,06041,CA,2023-07-01
MARIPOSA,2015,17653.0,06043,CA,2015-07-01
MARIPOSA,2016,17498.0,06043,CA,2016-07-01
MARIPOSA,2017,17461.0,06043,CA,2017-07-01
MARIPOSA,2018,17361.0,06043,CA,2018-07-01
MARIPOSA,2019,17117.0,06043,CA,2019-07-01
MARIPOSA,2020,17160.0,06043,CA,2020-07-01
MARIPOSA,2021,17066.0,06043,CA,2021-07-01
MARIPOSA,2022,16984.0,06043,CA,2022-07-01
MARIPOSA,2023,16935.0,06043,CA,2023-07-01
MENDOCINO,2015,87131.0,06045,CA,2015-07-01
MENDOCINO,2016,87319.0,06045,CA,2016-07-01
MENDOCINO,2017,87690.0,06045,CA,2017-07-01
MENDOCINO,2018,87549.0,06045,CA,2018-07-01
MENDOCINO,2019,86932.0,06045,CA,2019-07-01
MENDOCINO,2020,86061.0,06045,CA,2020-07-01
MENDOCINO,2021,90535.0,06045,CA,2021-07-01
MENDOCINO,2022,89629.0,06045,CA,2022-07-01
MENDOCINO,2023,89164.0,06045,CA,2023-07-01
MERCED,2015,266133.0,06047,CA,2015-07-01
MERCED,2016,267370.0,06047,CA,2016-07-01
MERCED,2017,270837.0,06047,CA,2017-07-01
MERCED,2018,273733.0,06047,CA,2018-07-01
MERCED,2019,277114.0,06047,CA,2019-07-01
MERCED,2020,279252.0,06047,CA,2020-07-01
MERCED,2021,280730.0,06047,CA,2021-07-01
MERCED,2022,284130.0,06047,CA,2022-07-01
MERCED,2023,285337.0,06047,CA,2023-07-01
MODOC,2015,9064.0,06049,CA,2015-07-01
MODOC,2016,8957.0,06049,CA,2016-07-01
MODOC,2017,8864.0,06049,CA,2017-07-01
MODOC,2018,8816.0,06049,CA,2018-07-01
MODOC,2019,8866.0,06049,CA,2019-07-01
MODOC,2020,8763.0,06049,CA,2020-07-01
MODOC,2021,8606.0,06049,CA,2021-07-01
MODOC,2022,8573.0,06049,CA,2022-07-01
MODOC,2023,8527.0,06049,CA,2023-07-01
MONO,2015,14074.0,06051,CA,2015-07-01
MONO,2016,14256.0,06051,CA,2016-07-01
MONO,2017,14333.0,06051,CA,2017-07-01
MONO,2018,14400.0,06051,CA,2018-07-01
MONO,2019,14450.0,06051,CA,2019-07-01
MONO,2020,14534.0,06051,CA,2020-07-01
MONO,2021,13179.0,06051,CA,2021-07-01
MONO,2022,13160.0,06051,CA,2022-07-01
MONO,2023,13156.0,06051,CA,2023-07-01
MONTEREY,2015,430178.0,06053,CA,2015-07-01
MONTEREY,2016,433436.0,06053,CA,2016-07-01
MONTEREY,2017,433803.0,06053,CA,2017-07-01
MONTEREY,2018,433359.0,06053,CA,2018-07-01
MONTEREY,2019,433380.0,06053,CA,2019-07-01
MONTEREY,2020,430906.0,06053,CA,2020-07-01
MONTEREY,2021,435397.0,06053,CA,2021-07-01
MONTEREY,2022,433964.0,06053,CA,2022-07-01
MONTEREY,2023,430368.0,06053,CA,2023-07-01
NAPA,2015,140766.0,06055,CA,2015-07-01
NAPA,2016,140778.0,06055,CA,2016-07-01
NAPA,2017,139818.0,06055,CA,2017-07-01
NAPA,2018,138620.0,06055,CA,2018-07-01
NAPA,2019,137678.0,06055,CA,2019-07-01
NAPA,2020,135965.0,06055,CA,2020-07-01
NAPA,2021,137484.0,06055,CA,2021-07-01
NAPA,2022,135941.0,06055,CA,2022-07-01
NAPA,2023,134637.0,06055,CA,2023-07-01
NEVADA,2015,98716.0,06057,CA,2015-07-01
NEVADA,2016,98939.0,06057,CA,2016-07-01
NEVADA,2017,99421.0,06057,CA,2017-07-01
NEVADA,2018,99472.0,06057,CA,2018-07-01
NEVADA,2019,99648.0,06057,CA,2019-07-01
NEVADA,2020,99606.0,06057,CA,2020-07-01
NEVADA,2021,101717.0,06057,CA,2021-07-01
NEVADA,2022,100973.0,06057,CA,2022-07-01
NEVADA,2023,100720.0,06057,CA,2023-07-01
ORANGE,2015,3148952.0,06059,CA,2015-07-01
ORANGE,2016,3164277.0,06059,CA,2016-07-01
ORANGE,2017,3174159.0,06059,CA,2017-07-01
ORANGE,2018,3175579.0,06059,CA,2018-07-01
ORANGE,2019,3170851.0,06059,CA,2019-07-01
ORANGE,2020,3166857.0,06059,CA,2020-07-01
ORANGE,2021,3167783.0,06059,CA,2021-07-01
ORANGE,2022,3151946.0,06059,CA,2022-07-01
ORANGE,2023,3137164.0,06059,CA,2023-07-01
PLACER,2015,372870.0,06061,CA,2015-07-01
PLACER,2016,379046.0,06061,CA,2016-07-01
PLACER,2017,385348.0,06061,CA,2017-07-01
PLACER,2018,392735.0,06061,CA,2018-07-01
PLACER,2019,398918.0,06061,CA,2019-07-01
PLACER,2020,402950.0,06061,CA,2020-07-01
PLACER,2021,406688.0,06061,CA,2021-07-01
PLACER,2022,409441.0,06061,CA,2022-07-01
PLACER,2023,410305.0,06061,CA,2023-07-01
PLUMAS,2015,18435.0,06063,CA,2015-07-01
PLUMAS,2016,18691.0,06063,CA,2016-07-01
PLUMAS,2017,18680.0,06063,CA,2017-07-01
PLUMAS,2018,18830.0,06063,CA,2018-07-01
PLUMAS,2019,19052.0,06063,CA,2019-07-01
PLUMAS,2020,18967.0,06063,CA,2020-07-01
PLUMAS,2021,19622.0,06063,CA,2021-07-01
PLUMAS,2022,19232.0,06063,CA,2022-07-01
PLUMAS,2023,18996.0,06063,CA,2023-07-01
RIVERSIDE,2015,2344648.0,06065,CA,2015-07-01
RIVERSIDE,2016,2378282.0,06065,CA,2016-07-01
RIVERSIDE,2017,2413058.0,06065,CA,2017-07-01
RIVERSIDE,2018,2443221.0,06065,CA,2018-07-01
RIVERSIDE,2019,2465569.0,06065,CA,2019-07-01
RIVERSIDE,2020,2489188.0,06065,CA,2020-07-01
RIVERSIDE,2021,2418727.0,06065,CA,2021-07-01
RIVERSIDE,2022,2430976.0,06065,CA,2022-07-01
RIVERSIDE,2023,2439234.0,06065,CA,2023-07-01
SACRAMENTO,2015,1493547.0,06067,CA,2015-07-01
SACRAMENTO,2016,1511401.0,06067,CA,2016-07-01
SACRAMENTO,2017,1527984.0,06067,CA,2017-07-01
SACRAMENTO,2018,1539550.0,06067,CA,2018-07-01
SACRAMENTO,2019,1551660.0,06067,CA,2019-07-01
SACRAMENTO,2020,1559146.0,06067,CA,2020-07-01
SACRAMENTO,2021,1579186.0,06067,CA,2021-07-01
SACRAMENTO,2022,1573366.0,06067,CA,2022-07-01
SACRAMENTO,2023,1572453.0,06067,CA,2023-07-01
SAN BENITO,2015,58276.0,06069,CA,2015-07-01
SAN BENITO,2016,59270.0,06069,CA,2016-07-01
SAN BENITO,2017,60190.0,06069,CA,2017-07-01
SAN BENITO,2018,61415.0,06069,CA,2018-07-01
SAN BENITO,2019,62803.0,06069,CA,2019-07-01
SAN BENITO,2020,64055.0,06069,CA,2020-07-01
SAN BENITO,2021,64581.0,06069,CA,2021-07-01
SAN BENITO,2022,65543.0,06069,CA,2022-07-01
SAN BENITO,2023,65666.0,06069,CA,2023-07-01
SAN BERNARDINO,2015,2114352.0,06071,CA,2015-07-01
SAN BERNARDINO,2016,2130726.0,06071,CA,2016-07-01
SAN BERNARDINO,2017,2149847.0,06071,CA,2017-07-01
SAN BERNARDINO,2018,2165627.0,06071,CA,2018-07-01
SAN BERNARDINO,2019,2177279.0,06071,CA,2019-07-01
SAN BERNARDINO,2020,2189183.0,06071,CA,2020-07-01
SAN BERNARDINO,2021,2179007.0,06071,CA,2021-07-01
SAN BERNARDINO,2022,2180777.0,06071,CA,2022-07-01
SAN BERNARDINO,2023,2182056.0,06071,CA,2023-07-01
SAN DIEGO,2015,3280825.0,06073,CA,2015-07-01
SAN DIEGO,2016,3305462.0,06073,CA,2016-07-01
SAN DIEGO,2017,3319019.0,06073,CA,2017-07-01
SAN DIEGO,2018,3332483.0,06073,CA,2018-07-01
SAN DIEGO,2019,3330459.0,06073,CA,2019-07-01
SAN DIEGO,2020,3332427.0,06073,CA,2020-07-01
SAN DIEGO,2021,3283113.0,06073,CA,2021-07-01
SAN DIEGO,2022,3275435.0,06073,CA,2022-07-01
SAN DIEGO,2023,3269755.0,06073,CA,2023-07-01
SAN FRANCISCO,2015,863237.0,06075,CA,2015-07-01
SAN FRANCISCO,2016,871343.0,06075,CA,2016-07-01
SAN FRANCISCO,2017,877471.0,06075,CA,2017-07-01
SAN FRANCISCO,2018,879676.0,06075,CA,2018-07-01
SAN FRANCISCO,2019,878826.0,06075,CA,2019-07-01
SAN FRANCISCO,2020,866606.0,06075,CA,2020-07-01
SAN FRANCISCO,2021,853414.0,06075,CA,2021-07-01
SAN FRANCISCO,2022,837036.0,06075,CA,2022-07-01
SAN FRANCISCO,2023,831703.0,06075,CA,2023-07-01
SAN JOAQUIN,2015,721919.0,06077,CA,2015-07-01
SAN JOAQUIN,2016,732662.0,06077,CA,2016-07-01
SAN JOAQUIN,2017,743286.0,06077,CA,2017-07-01
SAN JOAQUIN,2018,752590.0,06077,CA,2018-07-01
SAN JOAQUIN,2019,761571.0,06077,CA,2019-07-01
SAN JOAQUIN,2020,767967.0,06077,CA,2020-07-01
SAN JOAQUIN,2021,780515.0,06077,CA,2021-07-01
SAN JOAQUIN,2022,782811.0,06077,CA,2022-07-01
SAN JOAQUIN,2023,786145.0,06077,CA,2023-07-01
SAN LUIS OBISPO,2015,280138.0,06079,CA,2015-07-01
SAN LUIS OBISPO,2016,281884.0,06079,CA,2016-07-01
SAN LUIS OBISPO,2017,282473.0,06079,CA,2017-07-01
SAN LUIS OBISPO,2018,283250.0,06079,CA,2018-07-01
SAN LUIS OBISPO,2019,282728.0,06079,CA,2019-07-01
SAN LUIS OBISPO,2020,282249.0,06079,CA,2020-07-01
SAN LUIS OBISPO,2021,278723.0,06079,CA,2021-07-01
SAN LUIS OBISPO,2022,279751.0,06079,CA,2022-07-01
SAN LUIS OBISPO,2023,278348.0,06079,CA,2023-07-01
SAN MATEO,2015,765479.0,06081,CA,2015-07-01
SAN MATEO,2016,767928.0,06081,CA,2016-07-01
SAN MATEO,2017,768658.0,06081,CA,2017-07-01
SAN MATEO,2018,768410.0,06081,CA,2018-07-01
SAN MATEO,2019,764810.0,06081,CA,2019-07-01
SAN MATEO,2020,758308.0,06081,CA,2020-07-01
SAN MATEO,2021,754439.0,06081,CA,2021-07-01
SAN MATEO,2022,740821.0,06081,CA,2022-07-01
SAN MATEO,2023,737644.0,06081,CA,2023-07-01
SANTA BARBARA,2015,442051.0,06083,CA,2015-07-01
SANTA BARBARA,2016,444112.0,06083,CA,2016-07-01
SANTA BARBARA,2017,444998.0,06083,CA,2017-07-01
SANTA BARBARA,2018,445137.0,06083,CA,2018-07-01
SANTA BARBARA,2019,445464.0,06083,CA,2019-07-01
SANTA BARBARA,2020,444766.0,06083,CA,2020-07-01
SANTA BARBARA,2021,441625.0,06083,CA,2021-07-01
SANTA BARBARA,2022,443156.0,06083,CA,2022-07-01
SANTA BARBARA,2023,440557.0,06083,CA,2023-07-01
SANTA CLARA,2015,1915736.0,06085,CA,2015-07-01
SANTA CLARA,2016,1928144.0,06085,CA,2016-07-01
SANTA CLARA,2017,1932251.0,06085,CA,2017-07-01
SANTA CLARA,2018,1931985.0,06085,CA,2018-07-01
SANTA CLARA,2019,1922411.0,06085,CA,2019-07-01
SANTA CLARA,2020,1907105.0,06085,CA,2020-07-01
SANTA CLARA,2021,1910551.0,06085,CA,2021-07-01
SANTA CLARA,2022,1890967.0,06085,CA,2022-07-01
SANTA CLARA,2023,1886079.0,06085,CA,2023-07-01
SANTA CRUZ,2015,273495.0,06087,CA,2015-07-01
SANTA CRUZ,2016,274476.0,06087,CA,2016-07-01
SANTA CRUZ,2017,274865.0,06087,CA,2017-07-01
SANTA CRUZ,2018,273713.0,06087,CA,2018-07-01
SANTA CRUZ,2019,272870.0,06087,CA,2019-07-01
SANTA CRUZ,2020,269925.0,06087,CA,2020-07-01
SANTA CRUZ,2021,265446.0,06087,CA,2021-07-01
SANTA CRUZ,2022,264912.0,06087,CA,2022-07-01
SANTA CRUZ,2023,262051.0,06087,CA,2023-07-01
SHASTA,2015,178386.0,06089,CA,2015-07-01
SHASTA,2016,178592.0,06089,CA,2016-07-01
SHASTA,2017,179403.0,06089,CA,2017-07-01
SHASTA,2018,179666.0,06089,CA,2018-07-01
SHASTA,2019,179645.0,06089,CA,2019-07-01
SHASTA,2020,179027.0,06089,CA,2020-07-01
SHASTA,2021,181887.0,06089,CA,2021-07-01
SHASTA,2022,180651.0,06089,CA,2022-07-01
SHASTA,2023,179436.0,06089,CA,2023-07-01
SIERRA,2015,2990.0,06091,CA,2015-07-01
SIERRA,2016,2956.0,06091,CA,2016-07-01
SIERRA,2017,3008.0,06091,CA,2017-07-01
SIERRA,2018,2961.0,06091,CA,2018-07-01
SIERRA,2019,2959.0,06091,CA,2019-07-01
SIERRA,2020,2920.0,06091,CA,2020-07-01
SIERRA,2021,3225.0,06091,CA,2021-07-01
SIERRA,2022,3212.0,06091,CA,2022-07-01
SIERRA,2023,3193.0,06091,CA,2023-07-01
SISKIYOU,2015,43275.0,06093,CA,2015-07-01
SISKIYOU,2016,43402.0,06093,CA,2016-07-01
SISKIYOU,2017,43647.0,06093,CA,2017-07-01
SISKIYOU,2018,43624.0,06093,CA,2018-07-01
SISKIYOU,2019,43663.0,06093,CA,2019-07-01
SISKIYOU,2020,43245.0,06093,CA,2020-07-01
SISKIYOU,2021,43931.0,06093,CA,2021-07-01
SISKIYOU,2022,43640.0,06093,CA,2022-07-01
SISKIYOU,2023,43548.0,06093,CA,2023-07-01
SOLANO,2015,433378.0,06095,CA,2015-07-01
SOLANO,2016,438834.0,06095,CA,2016-07-01
SOLANO,2017,443554.0,06095,CA,2017-07-01
SOLANO,2018,445931.0,06095,CA,2018-07-01
SOLANO,2019,447434.0,06095,CA,2019-07-01
SOLANO,2020,446935.0,06095,CA,2020-07-01
SOLANO,2021,449116.0,06095,CA,2021-07-01
SOLANO,2022,445881.0,06095,CA,2022-07-01
SOLANO,2023,443749.0,06095,CA,2023-07-01
SONOMA,2015,500598.0,06097,CA,2015-07-01
SONOMA,2016,502445.0,06097,CA,2016-07-01
SONOMA,2017,502203.0,06097,CA,2017-07-01
SONOMA,2018,497221.0,06097,CA,2018-07-01
SONOMA,2019,492318.0,06097,CA,2019-07-01
SONOMA,2020,489819.0,06097,CA,2020-07-01
SONOMA,2021,484055.0,06097,CA,2021-07-01
SONOMA,2022,480623.0,06097,CA,2022-07-01
SONOMA,2023,478174.0,06097,CA,2023-07-01
STANISLAUS,2015,532954.0,06099,CA,2015-07-01
STANISLAUS,2016,538986.0,06099,CA,2016-07-01
STANISLAUS,2017,544494.0,06099,CA,2017-07-01
STANISLAUS,2018,547855.0,06099,CA,2018-07-01
STANISLAUS,2019,549761.0,06099,CA,2019-07-01
STANISLAUS,2020,550081.0,06099,CA,2020-07-01
STANISLAUS,2021,551353.0,06099,CA,2021-07-01
STANISLAUS,2022,548719.0,06099,CA,2022-07-01
STANISLAUS,2023,545939.0,06099,CA,2023-07-01
SUTTER,2015,95224.0,06101,CA,2015-07-01
SUTTER,2016,95769.0,06101,CA,2016-07-01
SUTTER,2017,96161.0,06101,CA,2017-07-01
SUTTER,2018,96348.0,06101,CA,2018-07-01
SUTTER,2019,96910.0,06101,CA,2019-07-01
SUTTER,2020,96385.0,06101,CA,2020-07-01
SUTTER,2021,98874.0,06101,CA,2021-07-01
SUTTER,2022,99090.0,06101,CA,2022-07-01
SUTTER,2023,98952.0,06101,CA,2023-07-01
TEHAMA,2015,63150.0,06103,CA,2015-07-01
TEHAMA,2016,63468.0,06103,CA,2016-07-01
TEHAMA,2017,63827.0,06103,CA,2017-07-01
TEHAMA,2018,63904.0,06103,CA,2018-07-01
TEHAMA,2019,65186.0,06103,CA,2019-07-01
TEHAMA,2020,64494.0,06103,CA,2020-07-01
TEHAMA,2021,65262.0,06103,CA,2021-07-01
TEHAMA,2022,64907.0,06103,CA,2022-07-01
TEHAMA,2023,64271.0,06103,CA,2023-07-01
TRINITY,2015,13094.0,06105,CA,2015-07-01
TRINITY,2016,12827.0,06105,CA,2016-07-01
TRINITY,2017,12727.0,06105,CA,2017-07-01
TRINITY,2018,12598.0,06105,CA,2018-07-01
TRINITY,2019,12337.0,06105,CA,2019-07-01
TRINITY,2020,12216.0,06105,CA,2020-07-01
TRINITY,2021,16050.0,06105,CA,2021-07-01
TRINITY,2022,15967.0,06105,CA,2022-07-01
TRINITY,2023,15939.0,06105,CA,2023-07-01
TULARE,2015,456794.0,06107,CA,2015-07-01
TULARE,2016,458991.0,06107,CA,2016-07-01
TULARE,2017,462072.0,06107,CA,2017-07-01
TULARE,2018,464279.0,06107,CA,2018-07-01
TULARE,2019,465751.0,06107,CA,2019-07-01
TULARE,2020,468680.0,06107,CA,2020-07-01
TULARE,2021,473645.0,06107,CA,2021-07-01
TULARE,2022,474507.0,06107,CA,2022-07-01
TULARE,2023,475064.0,06107,CA,2023-07-01
TUOLUMNE,2015,53599.0,06109,CA,2015-07-01
TUOLUMNE,2016,53729.0,06109,CA,2016-07-01
TUOLUMNE,2017,53953.0,06109,CA,2017-07-01
TUOLUMNE,2018,54250.0,06109,CA,2018-07-01
TUOLUMNE,2019,54290.0,06109,CA,2019-07-01
TUOLUMNE,2020,54515.0,06109,CA,2020-07-01
TUOLUMNE,2021,54791.0,06109,CA,2021-07-01
TUOLUMNE,2022,54465.0,06109,CA,2022-07-01
TUOLUMNE,2023,54590.0,06109,CA,2023-07-01
VENTURA,2015,845599.0,06111,CA,2015-07-01
VENTURA,2016,846921.0,06111,CA,2016-07-01
VENTURA,2017,848264.0,06111,CA,2017-07-01
VENTURA,2018,847222.0,06111,CA,2018-07-01
VENTURA,2019,844203.0,06111,CA,2019-07-01
VENTURA,2020,841387.0,06111,CA,2020-07-01
VENTURA,2021,839628.0,06111,CA,2021-07-01
VENTURA,2022,831533.0,06111,CA,2022-07-01
VENTURA,2023,825653.0,06111,CA,2023-07-01
YOLO,2015,211998.0,06113,CA,2015-07-01
YOLO,2016,215569.0,06113,CA,2016-07-01
YOLO,2017,218470.0,06113,CA,2017-07-01
YOLO,2018,220082.0,06113,CA,2018-07-01
YOLO,2019,220019.0,06113,CA,2019-07-01
YOLO,2020,219728.0,06113,CA,2020-07-01
YOLO,2021,216005.0,06113,CA,2021-07-01
YOLO,2022,221639.0,06113,CA,2022-07-01
YOLO,2023,220880.0,06113,CA,2023-07-01
YUBA,2015,74039.0,06115,CA,2015-07-01
YUBA,2016,74920.0,06115,CA,2016-07-01
YUBA,2017,76575.0,06115,CA,2017-07-01
YUBA,2018,77418.0,06115,CA,2018-07-01
YUBA,2019,78549.0,06115,CA,2019-07-01
YUBA,2020,80160.0,06115,CA,2020-07-01
YUBA,2021,81827.0,06115,CA,2021-07-01
YUBA,2022,82193.0,06115,CA,2022-07-01
YUBA,2023,82677.0,06115,CA,2023-07-01
